SecuritiesCode,ExpectedDividend,AdjustmentFactor,SupervisionFlag,Volume,Close,Range_HL,Range_OC,dayofyear,dayofweek,week,is_month_end,is_month_start,is_year_end,is_year_start,Year,Month,Day,Close_lags_1,Range_HL_lags_1,Range_OC_lags_1,Volume_lags_1,Close_lags_2,Range_HL_lags_2,Range_OC_lags_2,Volume_lags_2,Close_lags_3,Range_HL_lags_3,Range_OC_lags_3,Volume_lags_3,Close_lags_4,Range_HL_lags_4,Range_OC_lags_4,Volume_lags_4,Close_lags_5,Range_HL_lags_5,Range_OC_lags_5,Volume_lags_5,Close_lags_6,Range_HL_lags_6,Range_OC_lags_6,Volume_lags_6,Close_lags_7,Range_HL_lags_7,Range_OC_lags_7,Volume_lags_7,Close_lags_8,Range_HL_lags_8,Range_OC_lags_8,Volume_lags_8,Close_lags_9,Range_HL_lags_9,Range_OC_lags_9,Volume_lags_9,Close_lags_10,Range_HL_lags_10,Range_OC_lags_10,Volume_lags_10,Close_mean,Close_std
0.01554528,0.033658702,0.0,0.0,0.01522788,0.0194617,0.014853858,0.015012552,0.031799436,0.023935217,0.029557332,0.02899591,0.025082124,0.0,0.0,0.033823308,0.025175534,0.026908971,0.016446786,0.015079347,0.015775895,0.015636535,0.01663507,0.01633839,0.015726881,0.014744667,0.015781498,0.016004039,0.016450772,0.015709452,0.015030654,0.01613559,0.015140602,0.016414406,0.01578163,0.01675955,0.01472319,0.015030673,0.01520891,0.015186732,0.016604057,0.015333655,0.016076451,0.0149447275,0.014563383,0.014962694,0.016310586,0.01613755,0.015518697,0.0151375625,0.015892377,0.016488787,0.015569517,0.015210954,0.016094003,0.016400956,0.015497301,0.015424862,0.01623252,0.016820213
0.015390267,0.032320283,0.0,0.0,0.016925443,0.018637419,0.015328098,0.016096996,0.03141235,0.025787197,0.026276942,0.018875206,0.022195525,0.0,0.0,0.034228798,0.022225283,0.025156673,0.017715037,0.01555105,0.016357064,0.016909445,0.016820068,0.016596872,0.015612766,0.015812393,0.016150817,0.015968485,0.016309055,0.016994162,0.015635896,0.015488095,0.016000764,0.016283875,0.01653339,0.01572966,0.014628911,0.01532232,0.016075917,0.015266738,0.016046802,0.015433334,0.015827093,0.015401735,0.016405687,0.015811766,0.015513541,0.01667893,0.01599933,0.017232565,0.016282449,0.016720684,0.015570521,0.015865248,0.017901303,0.01592578,0.014889576,0.016232373,0.016825208,0.018816845
0.014442325,0.040622994,0.0,0.0,0.016007984,0.018705556,0.015767867,0.015635772,0.031542417,0.02215028,0.027139053,0.025727555,0.027091289,0.0,0.0,0.031990577,0.020902397,0.02382833,0.016572649,0.015521378,0.016010463,0.015761485,0.016664011,0.015997777,0.015553054,0.015339426,0.01632475,0.01630917,0.016040055,0.015383063,0.015867226,0.01621095,0.01557444,0.015068992,0.015423921,0.015626626,0.015243217,0.015047726,0.015941467,0.015866518,0.015627751,0.015518178,0.016218547,0.016560763,0.016139721,0.015329089,0.017117169,0.017024817,0.015581328,0.01528938,0.016386487,0.016037678,0.016061882,0.015182015,0.017188745,0.015872557,0.015285477,0.014678382,0.0163452,0.01765205
0.01211352,0.030878777,0.0,0.0,0.015685929,0.034001276,0.015459132,0.01247539,0.04279558,0.028147087,0.037517905,0.023208003,0.022754684,0.0,0.0,0.04658363,0.025484545,0.030027583,0.016830496,0.012779195,0.013398494,0.014821919,0.015065912,0.016244074,0.0131851025,0.011896801,0.018864073,0.01849769,0.017009424,0.011795993,0.019692603,0.013077685,0.014162883,0.012687009,0.015690409,0.015247763,0.012634744,0.01161063,0.016771104,0.013499621,0.013009024,0.012570098,0.014070367,0.012594406,0.0154528245,0.012889196,0.02194884,0.014929653,0.01323819,0.01216533,0.020159908,0.017907782,0.015833769,0.01236436,0.018846998,0.017091261,0.012686321,0.010075526,0.015708838,0.013860584
0.01565757,0.02189131,0.0007198929,0.0032210937,0.017173061,0.018679231,0.016667202,0.016067477,0.025493527,0.022756495,0.02297058,0.015150323,0.02338827,0.0,0.0,0.03324863,0.021855777,0.02478187,0.017681632,0.01590131,0.016789429,0.016085397,0.01769101,0.01748152,0.016297342,0.01609874,0.016231898,0.016588466,0.017257655,0.015518835,0.017631896,0.016605727,0.017149253,0.015319995,0.017159903,0.01611719,0.015534013,0.015785908,0.01817629,0.01596909,0.017671838,0.016027657,0.016397849,0.016205773,0.016242249,0.015940452,0.017392173,0.017172843,0.016723733,0.015922502,0.016224006,0.017824663,0.017324466,0.015860155,0.017598705,0.016901184,0.016362716,0.015731174,0.018407151,0.0172739
0.016613957,0.026587045,0.0,0.0,0.016265687,0.0221547,0.016731363,0.016235227,0.03199326,0.021493345,0.026848357,0.024802132,0.021370124,0.0,0.0,0.031114154,0.024087291,0.025215732,0.018116439,0.015663102,0.015862355,0.014683367,0.01876643,0.014534415,0.016761718,0.0151016265,0.015844356,0.016643317,0.016509008,0.014990427,0.016996335,0.01566103,0.016280135,0.014568886,0.016277643,0.015027283,0.015185323,0.015235839,0.015756212,0.01564775,0.015954264,0.015885234,0.015883641,0.015575329,0.016663115,0.014734258,0.01878719,0.0152321,0.014753377,0.0153476,0.01807429,0.016602509,0.017938314,0.014542488,0.017509896,0.01729985,0.01609467,0.0146825295,0.017149787,0.01966416
0.01310013,0.07830391,0.0,0.0005879979,0.015293275,0.01774303,0.015265975,0.014982042,0.03044728,0.024943506,0.026485467,0.019161547,0.028456084,0.0,0.0,0.029401476,0.020715786,0.024405155,0.016493296,0.014461944,0.015776157,0.015393877,0.015931219,0.015827602,0.015552845,0.014754974,0.015039387,0.01529867,0.015423447,0.015647389,0.015699591,0.015304032,0.015353011,0.014912888,0.0145012215,0.014701557,0.014704527,0.015081829,0.016021006,0.014896969,0.015871925,0.014689895,0.015600392,0.014137289,0.013910984,0.01563847,0.014980689,0.014746486,0.014907052,0.014859961,0.014754747,0.0150190545,0.015314885,0.015572758,0.016077764,0.015137506,0.014891891,0.0149235055,0.016548844,0.016345821
0.015984014,0.07223039,0.0,0.0,0.015714228,0.017808655,0.01447119,0.015056921,0.024661593,0.020680983,0.022066586,0.02708429,0.029492388,0.0067860247,0.0,0.026646888,0.017630402,0.022855425,0.0155533645,0.0150871435,0.014489076,0.0161395,0.016404781,0.015694791,0.01531915,0.015545428,0.015114033,0.014672283,0.015401576,0.016227199,0.015069952,0.015158871,0.014767703,0.015767962,0.0147823915,0.015699022,0.015923513,0.015789554,0.015428512,0.015296632,0.015475523,0.014954001,0.016008459,0.014612597,0.015973419,0.0150546795,0.01564819,0.015775828,0.01482591,0.015636541,0.01548317,0.0148744155,0.015046066,0.014900923,0.015811235,0.016422225,0.015118402,0.016044477,0.0163976,0.017433885
0.014811784,0.019155787,0.0,0.0,0.018736573,0.019370716,0.015574057,0.0163699,0.026882572,0.02402803,0.030258728,0.022850102,0.021241205,0.0,0.0,0.028177382,0.020480048,0.020822056,0.015533693,0.014987858,0.016230658,0.01842705,0.015574021,0.016301064,0.014890055,0.018311832,0.01512965,0.015966821,0.0154119115,0.018075582,0.017063685,0.017386239,0.01600005,0.017286459,0.016402777,0.015408875,0.015481624,0.018086616,0.01565412,0.016298518,0.016806163,0.01849801,0.016366817,0.016699769,0.016119188,0.01873071,0.015816627,0.018716425,0.015415527,0.017181123,0.01683797,0.016194055,0.015935803,0.017300539,0.01498561,0.01948392,0.015208215,0.01784616,0.019156357,0.018032873
0.017103082,0.01796176,9.258155e-05,0.0,0.01612821,0.018887263,0.017275637,0.016159069,0.026644913,0.024980402,0.02463892,0.012680056,0.019100387,0.0,0.0,0.032220703,0.020530274,0.025690885,0.01785391,0.016282523,0.016757648,0.015763858,0.017925683,0.016787786,0.018081963,0.016223978,0.016916953,0.016611604,0.01742273,0.016879274,0.017567592,0.017163849,0.016995562,0.016203923,0.017461628,0.01677318,0.016375503,0.01721308,0.01738105,0.016108524,0.016492043,0.016194876,0.016823474,0.016808417,0.016336272,0.015149621,0.017245224,0.017099919,0.016579775,0.015709834,0.01755725,0.017249098,0.016914852,0.015942467,0.017869871,0.017831046,0.017315473,0.016619204,0.018025527,0.017389834
0.017368786,0.0,0.0,0.0,0.018227957,0.018804057,0.016320271,0.016706489,0.025690794,0.02549538,0.025344467,0.0058695204,0.031961024,0.0,0.0,0.028305206,0.019331317,0.024936518,0.017448936,0.015688986,0.017394535,0.018671453,0.017433465,0.016342923,0.017390667,0.017955644,0.016524108,0.01825822,0.017439518,0.01746848,0.016966637,0.016985215,0.016851798,0.017804096,0.018609073,0.016208995,0.016104387,0.017739046,0.016273214,0.01653456,0.017225135,0.017716257,0.016895348,0.016555972,0.01742671,0.01717062,0.017025277,0.016591886,0.01618039,0.017787984,0.016761063,0.017258123,0.0169984,0.017748129,0.017664554,0.01702002,0.017665302,0.017426426,0.017296394,0.021130206
0.014943095,0.020585785,0.0,0.0,0.017092543,0.020025883,0.01697789,0.016989224,0.028470358,0.024962975,0.025574142,0.01990681,0.01751665,0.0,0.0,0.034694325,0.02270432,0.024968708,0.017115321,0.014861951,0.017175531,0.0155830765,0.017243816,0.015317626,0.01640436,0.016278053,0.016714372,0.017089983,0.016627567,0.016713934,0.016388465,0.015956609,0.016179802,0.015979212,0.01665062,0.01598813,0.015895067,0.016389892,0.017827135,0.015506599,0.01676105,0.016399078,0.017076347,0.015312094,0.016180817,0.015705127,0.017253997,0.017717104,0.015858373,0.016535982,0.016858364,0.017048966,0.016180627,0.015535982,0.0181651,0.016751043,0.016509764,0.015513329,0.018134516,0.019202525
0.016218342,0.024753079,0.0,0.0,0.019624863,0.022332555,0.01639349,0.015153548,0.0279076,0.026888764,0.033330556,0.022513786,0.030581417,0.0,0.0,0.029536413,0.02113465,0.023519563,0.014674353,0.014728975,0.01481671,0.017038288,0.015900366,0.014935016,0.014663838,0.016425839,0.015843494,0.015283212,0.014944889,0.01730453,0.015116998,0.015621386,0.014269765,0.017249456,0.015891144,0.01624234,0.014568526,0.018380553,0.014547333,0.014765083,0.014731252,0.019239645,0.015148022,0.015307317,0.014904562,0.018100388,0.015042538,0.016162293,0.01493234,0.01644781,0.016559301,0.014905919,0.014271315,0.016042044,0.015722724,0.016631974,0.01415471,0.019743428,0.01944455,0.019407148
0.017943827,0.031506404,0.0,0.0,0.018214209,0.01752823,0.015949104,0.015899587,0.025878387,0.022029208,0.022999968,0.0174953,0.030094538,0.0,0.0,0.026614929,0.019441122,0.022879127,0.016914388,0.016353998,0.016270865,0.017782671,0.016740672,0.01655705,0.01666368,0.016880203,0.016265154,0.016693132,0.016592482,0.01667488,0.01562918,0.016657976,0.016090527,0.017352866,0.015906598,0.01606793,0.015960528,0.016888117,0.015657907,0.016398842,0.015513514,0.016791822,0.016609168,0.016581515,0.016197482,0.016815228,0.016828611,0.01698788,0.016062098,0.016964423,0.016518291,0.01745826,0.017081032,0.016485889,0.01615511,0.016113352,0.0153105045,0.017207183,0.016826477,0.018018544
0.015544402,0.016677922,0.00027246075,0.0015639676,0.017834654,0.018984575,0.0155849345,0.016615923,0.029343612,0.024261063,0.027022455,0.00800894,0.022945667,0.0015219761,0.0,0.035387896,0.02204411,0.02679531,0.017376311,0.014832058,0.01705193,0.016343283,0.017245024,0.015491778,0.016447447,0.016687684,0.016658008,0.017797673,0.016382879,0.016704042,0.016810725,0.017184325,0.016781019,0.015997227,0.018210517,0.016485972,0.015940743,0.016420268,0.017704818,0.014950283,0.017395353,0.015890423,0.016136428,0.016168097,0.018214077,0.017235786,0.014820791,0.016162703,0.016140552,0.017063677,0.016709808,0.017753705,0.017146662,0.01574666,0.017580384,0.017295722,0.015677653,0.015682094,0.01772054,0.017545015
0.014465621,0.03651658,0.0001906532,0.0,0.016356971,0.018159594,0.015742417,0.01637764,0.031070353,0.023426047,0.02472935,0.03197238,0.03626041,0.0,0.0,0.03270627,0.020746006,0.022708965,0.016222011,0.015473591,0.015486025,0.016020067,0.015786948,0.015247734,0.016132219,0.015585401,0.015942803,0.015917586,0.015511236,0.015856829,0.015586881,0.01548932,0.015153945,0.015324017,0.015002123,0.015052745,0.015088214,0.015124474,0.015289431,0.015507466,0.015529538,0.014905261,0.015436299,0.015656663,0.015316805,0.015908638,0.01580272,0.016098514,0.0153639065,0.016130399,0.016120963,0.015372659,0.015504998,0.015766313,0.016370697,0.01571224,0.015550844,0.015424655,0.016379433,0.018418055
0.015175682,0.021037985,0.0005607027,0.0,0.016744541,0.018629152,0.01600578,0.016514054,0.029186647,0.024291525,0.025213832,0.01315742,0.021728098,0.0,0.0,0.034284025,0.022785135,0.025877798,0.017667998,0.016307585,0.01620772,0.016161976,0.017436938,0.01704651,0.017205173,0.015876984,0.015802875,0.017976576,0.018116675,0.016306935,0.016629072,0.017427186,0.01732436,0.016066996,0.017056441,0.015686793,0.014954159,0.014954489,0.017396709,0.015953118,0.017014356,0.015325324,0.016722662,0.016690327,0.017007587,0.016542101,0.01630783,0.017001677,0.015985712,0.015300823,0.016775284,0.017479185,0.016503477,0.015945323,0.017993096,0.016407393,0.015429406,0.015586778,0.01929491,0.017931161
0.01485513,0.046999834,0.0,0.0,0.015733892,0.019105734,0.015028127,0.015310852,0.026392743,0.02113818,0.027797818,0.025230203,0.028833702,0.0,0.0,0.028248474,0.018878842,0.02538275,0.017108602,0.015764654,0.015869882,0.014905529,0.016019616,0.017416378,0.016249225,0.015530902,0.015618653,0.0154662775,0.016677178,0.015248801,0.016488368,0.016435284,0.016701994,0.016472163,0.016289318,0.015544195,0.015743207,0.015815433,0.016072022,0.016340172,0.015865302,0.014855819,0.016469887,0.015855014,0.015162258,0.015082518,0.01710237,0.015516414,0.015814057,0.015483258,0.015972875,0.015472798,0.016155494,0.015226644,0.016321853,0.01603534,0.015902089,0.015588068,0.01629482,0.017108973
0.016982237,0.034632564,0.0,0.000314229,0.01735839,0.017757375,0.016283352,0.015782489,0.025553301,0.022230137,0.0243198,0.026763018,0.025887018,0.0,0.0,0.026247954,0.016679497,0.021807462,0.016557876,0.016175352,0.015657855,0.016163165,0.016557558,0.016497243,0.016332416,0.016983563,0.016146608,0.015871082,0.016036248,0.016312167,0.016826663,0.016626615,0.015890079,0.016789231,0.01605787,0.016284944,0.015888825,0.016350582,0.01640629,0.016393205,0.01621776,0.016510809,0.01623312,0.016681034,0.015789097,0.016120821,0.016463174,0.016963582,0.016427362,0.016226077,0.016747916,0.016549472,0.016298067,0.01660783,0.016754774,0.016675906,0.016203327,0.01643709,0.017976904,0.018711505
0.016009199,0.038887195,0.0,0.0,0.016603846,0.0213271,0.015823998,0.01584879,0.029409368,0.022643462,0.027680187,0.021969035,0.02182337,0.0,0.0,0.030864304,0.021520454,0.02297135,0.016496219,0.016006269,0.015326109,0.015523616,0.016578797,0.015373886,0.015444553,0.015964365,0.015982246,0.015694542,0.016164172,0.015864633,0.016698258,0.015726343,0.015590715,0.016041636,0.0168972,0.016462589,0.014824697,0.015503236,0.016890267,0.015958214,0.015383697,0.017686836,0.015352269,0.016272385,0.01564926,0.015596224,0.016071742,0.016485887,0.015456704,0.014884096,0.01719783,0.01693064,0.016173158,0.015686475,0.016166486,0.016709397,0.015268084,0.015685083,0.016621152,0.02032839
0.014721601,0.026391735,0.0,0.0,0.016113775,0.01959958,0.015827475,0.015040958,0.029188536,0.019614773,0.029029178,0.023264745,0.023608964,0.0,0.0,0.034308676,0.02274166,0.022999743,0.015830593,0.015921151,0.016493984,0.017403496,0.017120462,0.015956717,0.014757231,0.016848577,0.01540973,0.016138148,0.015658371,0.017524568,0.016437283,0.016458765,0.015213779,0.01773372,0.015545891,0.016476208,0.01713567,0.015884435,0.01550337,0.015791524,0.01562,0.016067833,0.016230542,0.015571265,0.015315209,0.018229978,0.01752626,0.01613848,0.014408935,0.017619064,0.01694277,0.016818339,0.016168317,0.017075822,0.016658075,0.01665556,0.015316666,0.017150272,0.0164264,0.018365212
0.013966626,0.08456957,0.0,0.0,0.015753431,0.018618269,0.014751021,0.015982823,0.030200437,0.020673515,0.026964167,0.026442798,0.028737478,0.0,0.0,0.030565694,0.01782552,0.022332443,0.01612421,0.015167051,0.013997515,0.015685285,0.015579357,0.014950668,0.01504018,0.015455,0.014989191,0.0151413465,0.014888083,0.0145951975,0.015142549,0.014461328,0.01465553,0.014542764,0.015464256,0.015520489,0.014175547,0.014569477,0.01444019,0.014951002,0.0149645535,0.014926595,0.0145108,0.0147304535,0.015097834,0.015068974,0.0153806545,0.014889309,0.014228709,0.014984406,0.015525676,0.015049734,0.014822353,0.014366937,0.016248798,0.015654664,0.013964045,0.014886068,0.016533872,0.017245578
0.01597259,0.018282138,0.0018492622,0.00053031795,0.016132668,0.020114712,0.015779264,0.016671259,0.028004652,0.023006592,0.02376381,0.015506833,0.020117844,0.0,0.0,0.02994832,0.019711226,0.024593275,0.018214969,0.015758617,0.017030152,0.016093077,0.017403621,0.016418926,0.01668345,0.016908124,0.016435686,0.017145395,0.01633548,0.016862573,0.018068839,0.01676654,0.016894989,0.016414167,0.017374322,0.016817488,0.015987452,0.016114661,0.017621687,0.016573243,0.01765737,0.015247935,0.016661014,0.016650295,0.017222201,0.016683485,0.016483974,0.01671783,0.015996074,0.016556611,0.017557943,0.01783384,0.016119536,0.017120155,0.017608864,0.017939167,0.01644243,0.017457664,0.016780019,0.019355305
0.017383568,0.016353069,0.0034051097,0.0,0.017462472,0.018117089,0.016359674,0.01681123,0.024437007,0.023307713,0.025053028,0.016794294,0.027450316,0.0,0.0,0.028699173,0.022972092,0.025015673,0.016777603,0.015829166,0.01682411,0.017026294,0.016882258,0.017190812,0.017345991,0.015921714,0.016592521,0.016361214,0.016290747,0.016015522,0.016914338,0.016813759,0.016429309,0.016114233,0.01697022,0.01699357,0.016751809,0.0169335,0.016429817,0.016252542,0.017443398,0.016368395,0.01659323,0.01596384,0.016371163,0.016363574,0.016883122,0.016934844,0.016478864,0.016641356,0.016907953,0.016855357,0.016298864,0.016284311,0.016998008,0.016617676,0.016345827,0.01676943,0.017180642,0.018417573
0.014362868,0.057419453,0.0,0.0,0.013682486,0.019126218,0.013979893,0.014703109,0.041106537,0.027496206,0.030034164,0.02701421,0.029863294,0.0,0.0,0.053542078,0.020075288,0.026584955,0.015696365,0.014211907,0.014209676,0.013168726,0.016089603,0.014672174,0.015009946,0.013091272,0.014988142,0.014010502,0.014923475,0.013624729,0.015007703,0.014673231,0.015949141,0.0133687,0.014700123,0.014990396,0.013943305,0.013222147,0.014892417,0.014274282,0.014517375,0.013530317,0.016180445,0.013899733,0.014262158,0.014235516,0.015009533,0.015884604,0.013938677,0.013099906,0.015575114,0.014959392,0.013736671,0.013667314,0.0157174,0.015920611,0.014432518,0.013164262,0.014295038,0.016264776
0.016856628,0.04186444,0.0,0.0,0.015265792,0.016881097,0.015292487,0.015323756,0.026256641,0.025257898,0.02627698,0.028412214,0.031653006,0.0,0.0,0.028570421,0.02119881,0.02467274,0.016357437,0.015280352,0.016005939,0.01634343,0.016479546,0.015911363,0.0155887855,0.0155364545,0.015361673,0.015407772,0.015520141,0.016208507,0.016037982,0.015399135,0.015100657,0.015969377,0.015911384,0.015587951,0.015671872,0.015877659,0.015873024,0.015231445,0.017346961,0.015728582,0.016019162,0.014861297,0.0159765,0.015089036,0.016202176,0.015885584,0.015071104,0.015663328,0.016032955,0.016113939,0.015479536,0.015639285,0.016165368,0.015950171,0.015819108,0.015430795,0.016843377,0.018236998
0.014077624,0.046271767,0.0,0.0,0.015951801,0.019142551,0.015587018,0.015642634,0.031803288,0.022774728,0.02686751,0.024328535,0.027897567,0.0,0.0,0.03027525,0.02032641,0.023359463,0.016606446,0.015585536,0.015902033,0.015234457,0.015874717,0.01566916,0.016060358,0.015256229,0.015766498,0.016254539,0.01626067,0.016767744,0.016016537,0.015498782,0.014874734,0.015444764,0.015428479,0.015839849,0.014452041,0.016059687,0.015532326,0.015786609,0.015257701,0.015861396,0.015671223,0.016536545,0.015345116,0.015906127,0.015846843,0.016619485,0.015231528,0.015474569,0.016654415,0.016833318,0.014767068,0.016300242,0.01630268,0.015754024,0.014922393,0.01490183,0.016995803,0.018339232
0.0150971105,0.033570047,0.0,0.0,0.016094599,0.02229555,0.017027048,0.017526034,0.029069936,0.023034118,0.025584571,0.019005805,0.019825568,0.0,0.0,0.03193438,0.02247279,0.024918234,0.018177193,0.015296467,0.014761801,0.016266314,0.018578757,0.014109955,0.014195487,0.015692135,0.01725883,0.016050493,0.016570382,0.01505767,0.016130572,0.018113712,0.016260672,0.017875303,0.016831717,0.017187044,0.015329042,0.016438046,0.014411096,0.016431825,0.015807662,0.015877852,0.016761107,0.013964554,0.015909776,0.015504988,0.016881417,0.01565266,0.015862394,0.015657399,0.017886037,0.015283481,0.0144761335,0.014807777,0.018058166,0.017534317,0.016044296,0.014372645,0.018542828,0.020634223
0.01536238,0.014345396,0.0,0.0,0.015957572,0.020746954,0.015430554,0.015615328,0.028557627,0.022700723,0.030468266,0.013890272,0.019312948,0.0,0.0,0.03140143,0.027571164,0.024361992,0.017600417,0.01480103,0.016110765,0.01570689,0.017621242,0.017865214,0.017402915,0.015857253,0.016018532,0.017048629,0.016686432,0.016380921,0.016787523,0.016558174,0.017433526,0.014613681,0.016990075,0.016183851,0.015919251,0.016491087,0.019347915,0.01624609,0.018279525,0.015169302,0.015060151,0.015138868,0.017953364,0.01489323,0.018559923,0.01594413,0.015261203,0.015463676,0.016477237,0.016509555,0.017973704,0.017565407,0.020240704,0.016417757,0.016656645,0.016840518,0.017802225,0.020398887
0.01655494,0.020266706,0.0,0.0,0.017214846,0.01788125,0.016691616,0.017606951,0.02524556,0.023679966,0.02361617,0.009991582,0.024141956,0.0,0.0,0.032285765,0.020460587,0.024643162,0.015709043,0.016417047,0.016164018,0.017245805,0.016598279,0.017004022,0.016314488,0.01713052,0.015572702,0.017330565,0.016681144,0.016998656,0.017906263,0.015772026,0.016135897,0.017789612,0.016754296,0.01630061,0.016543912,0.01738668,0.01730427,0.016911855,0.016828412,0.017070834,0.018612757,0.015808418,0.017011808,0.017215759,0.017076546,0.01698326,0.01656599,0.016582819,0.017123347,0.016905041,0.01752145,0.01697988,0.01727497,0.016957948,0.016633134,0.017404214,0.016780097,0.018410534
0.014870994,0.04310718,0.0,0.0,0.015831668,0.019119086,0.015517811,0.015817719,0.030093659,0.024245325,0.028440487,0.031188894,0.033586904,0.0,0.0,0.03073602,0.018168245,0.023028933,0.015667547,0.01497271,0.015376492,0.015618771,0.016030643,0.015194479,0.015500474,0.015604331,0.015147474,0.01534505,0.015664091,0.015896164,0.01495933,0.0153050795,0.014946482,0.015935073,0.016098768,0.015670232,0.014964482,0.015554228,0.01577269,0.01526665,0.015914714,0.01547604,0.015451488,0.015085208,0.015294446,0.01552876,0.016124535,0.01595884,0.014812219,0.015104324,0.01665348,0.015927095,0.015810406,0.015637703,0.016403524,0.015472097,0.015142767,0.01539636,0.016725842,0.017835958
0.013583958,0.04837956,0.0067799655,0.0,0.0150141865,0.018452594,0.015628781,0.0147788655,0.035166904,0.027012572,0.028242618,0.024792194,0.023971746,0.0,0.0,0.036539845,0.02136646,0.025656568,0.016511826,0.014303168,0.015442368,0.014481028,0.015517004,0.015594334,0.015932955,0.014713115,0.016631046,0.015571775,0.015131523,0.014767324,0.015739646,0.0151438685,0.015204923,0.01456755,0.015232677,0.015243626,0.014304761,0.014562466,0.015456019,0.015301651,0.015087701,0.013945456,0.015162926,0.015819212,0.015150916,0.014370434,0.015398181,0.015907982,0.015150476,0.015031733,0.017533075,0.015632214,0.015219943,0.014754738,0.016208908,0.016235974,0.014452639,0.0144775,0.01577318,0.017965222
0.018773323,0.046732765,0.0,0.0,0.01714957,0.017843703,0.015828509,0.016411113,0.02799494,0.021720324,0.026575891,0.030998815,0.027778743,0.0,0.0,0.02610167,0.018389285,0.021994518,0.015960092,0.014987626,0.01601487,0.016774496,0.016018538,0.015726773,0.015569102,0.016023712,0.01579088,0.0153581165,0.015262906,0.016232515,0.015110176,0.016151022,0.014363619,0.016364565,0.015099872,0.014974434,0.015429459,0.016014542,0.015417723,0.015624545,0.016782142,0.01655105,0.015323671,0.014891757,0.015194976,0.016044058,0.016813144,0.015807142,0.015343511,0.015187141,0.017259104,0.016025394,0.015202806,0.016056916,0.015796792,0.016161246,0.015636358,0.015621188,0.017905701,0.017833235
0.015851445,0.03232322,0.0025480238,0.0,0.017231764,0.018877067,0.015965946,0.016377075,0.029285641,0.023878403,0.026822446,0.018523991,0.02501734,0.0,0.0,0.030505145,0.026021423,0.02486886,0.017181572,0.015146416,0.015938187,0.017025119,0.016575456,0.01572905,0.015743636,0.016293239,0.015297372,0.016115451,0.016207816,0.015914714,0.0164247,0.015949039,0.016190914,0.016134795,0.016648548,0.015775308,0.015214131,0.015738845,0.015838929,0.015974728,0.015934307,0.016083112,0.015970396,0.015722832,0.016907824,0.015877135,0.016596342,0.016006162,0.015546019,0.016020168,0.016613748,0.015805442,0.016041469,0.01576603,0.016180914,0.016448176,0.014949454,0.01584689,0.016282216,0.018245563
0.015409284,0.005382398,0.0,0.0,0.014393304,0.020849913,0.015919568,0.016956875,0.03228179,0.021840477,0.027575431,0.015133394,0.016394628,0.0,0.0,0.03426996,0.025288658,0.028628794,0.019900318,0.015350904,0.022660052,0.018206045,0.018964546,0.015204788,0.01553715,0.016256409,0.017665733,0.01739735,0.01754215,0.016040843,0.017249607,0.017051674,0.01645016,0.015397442,0.018480387,0.014957783,0.015059434,0.012771202,0.01671553,0.017003788,0.016360875,0.013992872,0.01696123,0.016338727,0.017736267,0.015478104,0.018133862,0.017827976,0.016332757,0.0165927,0.018171553,0.015648728,0.017652974,0.015494514,0.017703937,0.01804841,0.017429944,0.016179245,0.01609784,0.019629668
0.014699535,0.040043645,0.0,0.0,0.015878813,0.018901408,0.0151547585,0.016308818,0.031538848,0.026562724,0.03156432,0.033511985,0.033734467,0.0,0.0,0.031039286,0.0223972,0.023896968,0.016450241,0.014707161,0.01478575,0.015471382,0.015796568,0.015404251,0.015541687,0.015485346,0.016037876,0.014540093,0.015320815,0.01564446,0.015580584,0.015337358,0.01403401,0.015032496,0.014917922,0.014936029,0.015383409,0.015256239,0.015297429,0.015630923,0.01566928,0.015163252,0.014998232,0.014444797,0.0151900565,0.015065632,0.015342889,0.014693537,0.014709202,0.015674394,0.015668461,0.0159936,0.014902217,0.015119054,0.0166186,0.015298479,0.01460727,0.014746904,0.016353935,0.017915383
0.015520656,0.005720706,0.0,0.0015898374,0.015735412,0.01937486,0.01659131,0.016122617,0.032402996,0.024312578,0.026794465,0.017665286,0.027352009,0.0012559473,0.0021441064,0.03167552,0.022060156,0.02620068,0.017630147,0.015857913,0.018432835,0.015275883,0.016565781,0.016069915,0.017561771,0.01564692,0.017556617,0.016767545,0.01715046,0.01580836,0.017604966,0.017281167,0.016106807,0.015894633,0.017533375,0.015662981,0.016591677,0.01683172,0.01706982,0.016501125,0.016485976,0.0153382905,0.01717531,0.014976771,0.01651368,0.015864266,0.01730816,0.016660467,0.017239373,0.014917993,0.016281579,0.01655466,0.01618273,0.015809866,0.017162118,0.018431127,0.016376339,0.016250353,0.015766641,0.018782726
0.015059022,0.037649423,0.0,0.0,0.016467692,0.01842178,0.015525833,0.016302792,0.030152893,0.023049166,0.02477338,0.032756973,0.028315024,0.0,0.0,0.029887097,0.021118665,0.022033548,0.016697122,0.015569512,0.015392697,0.015944088,0.016653845,0.015925175,0.01579582,0.01620101,0.01582678,0.015417798,0.01589631,0.015896047,0.016137999,0.015701573,0.015187561,0.015527313,0.016195646,0.015522173,0.015337829,0.01607853,0.015871227,0.015625382,0.015474943,0.016018175,0.015664665,0.0157782,0.015768044,0.016053835,0.016070228,0.016263843,0.015473593,0.01609793,0.016193891,0.015730256,0.015612689,0.015778884,0.016172225,0.01592059,0.0155517105,0.015693046,0.017034583,0.01773384
0.012684648,0.0,0.0,0.0,0.015967557,0.026177924,0.014497611,0.015040971,0.04044344,0.027533287,0.03721372,0.021904236,0.02756873,0.0,0.0,0.043155227,0.032993853,0.031012593,0.022382125,0.014344474,0.015943497,0.013831683,0.018472824,0.011704956,0.015150982,0.017175687,0.015795536,0.018614665,0.01725719,0.015250123,0.016773475,0.014265666,0.013510022,0.014078553,0.020770939,0.015119206,0.013875084,0.012285687,0.016393246,0.011847506,0.015155969,0.0144953085,0.015549966,0.013673035,0.017226707,0.012718122,0.017935414,0.01703153,0.014738411,0.012003311,0.016857615,0.018162584,0.017562238,0.011310815,0.021355191,0.014789563,0.013340954,0.013060488,0.015553839,0.016442
0.01676106,0.057177592,0.0,0.0,0.017945727,0.017019382,0.015969425,0.015800584,0.026340015,0.020324929,0.022011897,0.026030233,0.028566571,0.0,0.0,0.02558142,0.01791485,0.020081071,0.015765352,0.015515527,0.015400334,0.016932843,0.01650306,0.016388122,0.016649626,0.016727597,0.016119547,0.015485166,0.016169976,0.016821668,0.015651066,0.015844068,0.015568386,0.016778624,0.015426352,0.015926737,0.015617485,0.01616919,0.015711641,0.015778538,0.016408326,0.016101705,0.015966957,0.015522789,0.015324229,0.015564703,0.015500782,0.016088976,0.015163835,0.015563133,0.015566084,0.016211025,0.015279632,0.015508543,0.016649555,0.015893575,0.01576823,0.016217347,0.016848564,0.018376391
0.0133417025,0.07793513,0.0016349357,0.0,0.014750835,0.019060172,0.014291007,0.014730299,0.03348512,0.025674539,0.029685637,0.019691577,0.027318025,0.0,0.0,0.039567187,0.02424353,0.02753168,0.016690163,0.013957662,0.01731438,0.013952822,0.014852727,0.013935617,0.014971545,0.013286353,0.015342639,0.0146261435,0.014980801,0.013901231,0.01632181,0.01505862,0.012830751,0.013770795,0.015458612,0.014952172,0.0139019275,0.013748147,0.015168014,0.014145071,0.014684675,0.013570099,0.014215478,0.014809821,0.014587649,0.013794029,0.015270746,0.015879722,0.01464027,0.013400973,0.0151363965,0.015897399,0.0145347845,0.013037222,0.015479701,0.015209039,0.0142658455,0.013795853,0.014567346,0.017113544
0.013190756,0.028941859,0.0,0.017382214,0.014045622,0.028419973,0.0150065785,0.017125625,0.03709711,0.023969417,0.031880718,0.02000625,0.017430486,0.0,0.0,0.03168209,0.025734175,0.024923522,0.01952583,0.015444268,0.015062266,0.013132275,0.01638407,0.014214804,0.013933129,0.015010248,0.019724745,0.02113231,0.015323069,0.013032769,0.016484665,0.014687014,0.014309566,0.012026407,0.017491514,0.015007267,0.014313642,0.012772889,0.015281391,0.015805898,0.015320783,0.012685592,0.016861334,0.01529467,0.015358761,0.013749796,0.015361958,0.017049134,0.015690476,0.014589569,0.01551,0.020538421,0.015566818,0.013185996,0.01682144,0.016925687,0.013836949,0.0135879675,0.01625846,0.01886983
0.015430838,0.021135252,0.0,0.0029701907,0.017499987,0.019875422,0.01573325,0.015384997,0.027891994,0.022897238,0.024720073,0.020084994,0.02442052,0.0,0.0,0.03491218,0.021947041,0.02161029,0.0176731,0.015120732,0.016209263,0.01732052,0.01664573,0.016606685,0.01612336,0.016931076,0.016518893,0.016124586,0.016725816,0.016141178,0.01676052,0.016035723,0.016651751,0.017458772,0.016518176,0.015865,0.015096773,0.016627302,0.01735373,0.01647515,0.015958862,0.016095398,0.016637819,0.016186096,0.015878856,0.016374905,0.016646557,0.016688857,0.015490504,0.016210776,0.015891181,0.017610854,0.016333675,0.016371695,0.016449098,0.016422804,0.015599815,0.016171921,0.01880104,0.018681215
0.01417012,0.06582151,0.00086207234,0.0,0.01519934,0.018346533,0.01439328,0.015237079,0.034116585,0.025247183,0.026333477,0.03311032,0.023499921,0.0,0.0,0.032474287,0.019599883,0.024293292,0.015492091,0.014915507,0.014851221,0.015119767,0.01591056,0.0146436775,0.014802916,0.014909443,0.01565391,0.015029464,0.01585524,0.015041733,0.015488905,0.014383206,0.014689612,0.014431862,0.015128998,0.015064606,0.01474189,0.014596464,0.01552077,0.014973835,0.015197874,0.0149153555,0.015540807,0.014646219,0.015170051,0.015121105,0.015790286,0.015471424,0.0150978835,0.014803246,0.015565884,0.015005473,0.015123857,0.0147156,0.015932025,0.01564783,0.015203997,0.014838657,0.0152489785,0.017012948
0.016670885,0.035421252,0.0,0.0,0.016386624,0.018272225,0.016027976,0.016086435,0.027782373,0.02219993,0.025265543,0.03965693,0.019977326,0.0,0.0,0.028794726,0.021130439,0.02277966,0.01633422,0.015458294,0.015642542,0.016641159,0.016264401,0.015612786,0.015615029,0.016787924,0.015939867,0.015484218,0.016196271,0.016015744,0.016435916,0.015756954,0.015597077,0.015846405,0.0153977815,0.015229747,0.015408594,0.016105162,0.01641588,0.015369549,0.01621607,0.01655078,0.016067212,0.015513591,0.015858408,0.016328141,0.01554725,0.016328188,0.015687995,0.016098782,0.016345674,0.015530617,0.015254629,0.015844326,0.01682318,0.016013786,0.015289925,0.016056877,0.01734291,0.019293834
0.012871783,0.1120984,0.0,0.0,0.014275498,0.015381623,0.014811027,0.013516959,0.025558576,0.021518284,0.026999984,0.04732978,0.03606962,0.0,0.0,0.026693573,0.020280905,0.023055129,0.014943781,0.014294491,0.014764747,0.012018528,0.013941799,0.015071637,0.014297482,0.012138564,0.012162577,0.01351689,0.013821946,0.013800667,0.015611928,0.01387506,0.013195578,0.012801557,0.015731856,0.01439857,0.013340534,0.014558442,0.014029463,0.013438229,0.014519904,0.014992257,0.014142661,0.014371094,0.01291637,0.014029294,0.015531295,0.015998585,0.014087273,0.012996858,0.014772514,0.015528295,0.013079791,0.012492876,0.014497034,0.014393561,0.013771685,0.0141216945,0.014320586,0.013220884
0.014331685,0.047349583,0.0,0.0,0.015615353,0.018121187,0.015502535,0.01579883,0.03248775,0.023956928,0.02591514,0.029544625,0.030961657,0.0,0.0,0.03298784,0.019929446,0.024521329,0.016622309,0.014711224,0.015236261,0.015942903,0.015605,0.014860501,0.016349038,0.01562951,0.015893815,0.015555345,0.015511884,0.015584916,0.015968245,0.015662856,0.016129848,0.014934404,0.015969276,0.014692741,0.014943133,0.0147105465,0.015989278,0.015273242,0.015217573,0.015504824,0.016004933,0.014989805,0.014784086,0.015823416,0.0155310435,0.015466863,0.015384713,0.0157938,0.015995791,0.015871393,0.015274,0.01600861,0.015316209,0.015226451,0.014861242,0.015552414,0.016268516,0.016324228
0.016351208,0.06456105,0.0,0.0,0.01643797,0.017335696,0.015165066,0.015479971,0.026565274,0.021212747,0.027729096,0.028330281,0.038064778,0.0,0.0,0.026661668,0.016674098,0.021617904,0.016162647,0.014947621,0.014910128,0.015497298,0.015518208,0.015666489,0.015077264,0.01562661,0.014822317,0.014878957,0.015242738,0.015860435,0.014472139,0.015254267,0.01579484,0.015633957,0.014594242,0.014778295,0.014566777,0.015622585,0.015736777,0.014490987,0.015826408,0.015983224,0.01542786,0.015093881,0.014717427,0.014638898,0.015751343,0.015084652,0.015399193,0.0147390915,0.016579714,0.015449885,0.01611204,0.01591435,0.015932065,0.0153984595,0.0153003875,0.014986652,0.01787852,0.016443623
0.016190626,0.020050108,0.0043297224,0.0,0.017298669,0.019296424,0.016609881,0.01679135,0.025023306,0.023153778,0.023520721,0.0,0.024917193,0.0,0.0,0.033505194,0.023536544,0.024011591,0.017258238,0.01607422,0.016862541,0.016977353,0.016956707,0.016979037,0.016506255,0.01650833,0.017368512,0.016343385,0.016939769,0.016737983,0.017717391,0.01672475,0.017043512,0.016193453,0.018272445,0.015980903,0.016454808,0.016125614,0.016727615,0.016550729,0.017819734,0.016072616,0.017384544,0.016494947,0.016777659,0.01674049,0.016818507,0.016314518,0.016633732,0.01721304,0.017502267,0.016585566,0.017391885,0.01601575,0.01794257,0.0177302,0.017598692,0.016531458,0.017962538,0.018930605
0.016328538,0.022650337,0.0,0.0,0.013274717,0.023032099,0.015558826,0.014427986,0.042344417,0.028181633,0.034145877,0.0,0.024744047,0.0,0.0,0.041927982,0.025324794,0.026021048,0.02085126,0.014982365,0.014949743,0.012541272,0.024829568,0.014989216,0.020058641,0.0125413705,0.017183136,0.017263982,0.017007248,0.013281621,0.016776102,0.017101519,0.011983042,0.014433954,0.019075468,0.013842424,0.013684585,0.012839534,0.018253928,0.013410843,0.014409159,0.010851526,0.015375205,0.015961455,0.015542891,0.017006215,0.022354787,0.019678313,0.014739736,0.014812898,0.015903113,0.018833619,0.013620317,0.010974727,0.019966248,0.015810447,0.014918982,0.013472743,0.015853107,0.020071322
